,input,output,expected
0,@kumbh rashi men janme log sambhavnaon se bhari ek jagah ke roop men duniya ko dekhte hain#,मुच्बी राशि# में# जनीन लॉग# संश्कालयन# शे भारा# ए# झगाई# के# ूपर# में# दुनायी# ूओड़ों देकाथ# हीं# ,@कुंभ राशि में जन्मे लोग संभावनाओं से भरी एक जगह के रूप में दुनिया को देखते हैं#
1,@iska ulat bhi satya hai#,इसका# उतल# भी# स्ताय# हि# ,@इसका उलट भी सत्य है#
2,@kuch devta jo mukhyatah nagar devta the apne sampradayvalon ke chalte gun aur karya mein vishisht samjhe gaye aur unki mahatta sarvopati samjhi gayi#,चूं# देवता# ूज़ो# ्युलफ़ीचात# नागारा# देवता# ते# अपने# संयोधवालम्रापा के# कालादीफ़ी ूपनी उर# कर्डक में# ीचिष्ठ शाज्महीं गये# उर# उनकी# महात्त# सर्तवों# शन्यभीत गीय# ,@कुछ देवता जो मुख्यत नगर देवता थे अपने संप्रदायवालों के चलते गुण और कार्य में विशिष्ट समझे गए और उनकी महत्ता सर्वोपरि समझी गई#
3,@tel ke utpadan men sansar men romania ka chhath sthan hai#,तेर# के# उत्पर# में# संसार# में# ्रोमैन# का# छट# श्राथ हि# ,@तेल के उत्पादन में संसार में रोमानिया का छठा स्थान है#
4,@banarasi lal se milkar police ne sara bhed praapt kar liya#,बनारीशार ला# शे मिलाव# ्लोपियन# णी# शपर बीद# परपूत# कर्# लिया# ,@बनारसी लाल से मिलकर पुलिस ने सारा भेद प्राप्त कर लिया#
5,@anya prakar ki ghatanaon ke prati beema ke samaan hi bachav nidhi dwara anya niveshak ko mudra nivesh ke liye bhugtan karana padta hai#,उन्दा प्रकार# कीं# झातांपनी के# प्रतीन# बेमादार के# सामान# ी# भाव# निरोध द्वार# उन्दा निवेशक# ूओड़ों मुद्र# नीफेश# के# लिये# भूतियाँ कनारा# ्राता# हि# ,@अन्य प्रकार की घटनाओं के प्रति बीमा के समान ही बचाव निधि द्वारा अन्य निवेशक को मुद्रा निवेश के लिए भुगतान करना पड़ता है#
6,@pandit shivkumar sharma#,पंडित# शिद्वामुराण शर्मा# ,@पंडित शिवकुमार शर्मा#
7,@unhe ek samuh ya ek samuday achha lagta hai to ve lagatar dusre login se ghire rahane ka prayas karte hain#,उन्हें ए# शुभार यह ए# सुमैड़े# चई लगता# हि# टोू# वे# लगपंड दूसर# लोगिन# शे घेरी# राहन# का# ्रकासाय# कर्टी हीं# ,@उन्हें एक समूह या एक समुदाय अच्छा लगता है तो वे लगातार दूसरे लोगों से घिरे रहने का प्रयास करते हैं#
8,@beebeesee hindi sanwaddaata dwara venkatraman ramkrishnan ka saakshatkar#,बीसीसी ीचिं# संदनवादात्री द्वार# ्येन्त्रकार्म# रामकृंषण# का# सकारवृद ,@बीबीसी हिन्दी संवाददाता द्वारा वेंकटरामन रामकृष्णन का साक्षात्कार#
9,@haan khoj kaa silsilaa na ruke#,हाँ# कोज# का# सिलियस न# ्रुकड़े ,@हाँ खोज का सिलसिला न रुके#
10,@harshali malhotra bal film abhinetri#,झरापहाह मलाहार्यों बाल# ्यालिशन अभिनेत्री# ,@हर्षाली मल्होत्रा बाल फ़िल्म अभिनेत्री#
11,@yah ek dhadhakne vala tara hai jismen achanak kuch minaton ke liye chamak badh jaati hai#,यह# ए# धाधारिकान वैला# तर# हि# जिनसी चानव# चूं# मीनोपित के# लिये# चाकालिक बाध# झाती# हि# ,@यह एक धधकने वाला तारा है जिसमें अचानक कुछ मिनटों के लिए चमक बढ़ जाती है#
12,@bharat ki rashtriy cricket team ne  ke mausam men australia ka daura kiya aur  test match khelen#,भरा# कीं# राष्ट्रीय चेरिक्ट्र तिमा णी# के# मौसाम# में# दस्त्रुसार का# दुरा# किया# उर# तेस्ट# मज# खेलों# ,@भारत की राष्ट्रीय क्रिकेट टीम ने  के मौसम में ऑस्ट्रेलिया का दौरा किया और  टेस्ट मैच खेले#
13,@sansadhanon aur anya vyaavhaarik muddon ke karan puratatvavid apni ichchhaanusaar jab chahen v jahan chahen utkhanan nahin kar paate#,शनसंधारों उर# उन्दा व्यावहार# मुद्दों# के# कनार# पुरातात्विव# अपनी# इच्चारवित# जब# चानवी वं# झापना चानवी उत्खन# नची# कर्# पाती ,@संसाधनों और अन्य व्यावहारिक मुद्दों के कारण पुरातत्वविद अपनी इच्छानुसार जब चाहें व जहां चाहें उत्खनन नहीं कर पाते#
14,@saman nagrik sanhita athva samaan aachar sanhita ka arth ek dharmniripeksh sekyular kanun hota hai jo sabhi dharm ke logon ke liye samaan roop se lagu hota hai#,सामान# नागरिक# शनिराह उथवा# सामान# आचार# शनिराह का# र्ष# ए# ध्यांस्कृप्रिं सेकभार्यु कनीन ूठिया हि# ूज़ो# शभी# ध्रम# के# लोगो# के# लिये# सामान# ूपर# शे लगुई# ूठिया हि# ,@समान नागरिक संहिता अथवा समान आचार संहिता का अर्थ एक धर्मनिरपेक्ष सेक्युलर कानून होता है जो सभी धर्म के लोगों के लिये समान रूप से लागू होता है#
15,@bhagwan shiv ke jyorti lingon ki kathaa ishan kalp ke vrittaant sarvavisarga aadi dashaa lakshnon sahit varnit hai#,भगवान# शि# के# ूज़ाइडर# ्लिंग# कीं# कथा# इशन# कलपी# के# ्यूर्पितिता शफ़ेसरव्यमिर दाय# दशा# लक्षण# शहित वर्णिट# हि# ,@भगवान शिव के ज्योर्ति लिंगों की कथा ईशान कल्प के वृत्तान्त सर्वविसर्ग आदि दशा लक्षणों सहित वर्णित है#
16,@khajuraho ki anupm lalitkala aur sthaapatya bhi isi ki upaj hain#,खजुराहों# कीं# उन्पि लतलकाली# उर# श्तात्रा# भी# इसी# कीं# उपयंश हीं# ,@खजुराहो की अनुपम ललितकला और स्थापत्य भी इसी की उपज हैं#
17,@wakpati munj ka kaal parmaron ke liye gaurav ka kaal tha#,्काप्रति# मऊजनी का# कल# परमाण्डर के# लिये# गुराण# का# कल# था# ,@वाक्पति मुंज का काल परमारों के लिए गौरव का काल था#
18,@dusre patr ke prashno ke jarie pariksharthiyo ke sanvad kaushal bhashayi gyan nirnay va vishleshan kshamta aur mansik dakshta yani vyaktitva va uske rujhano ki padatala hogi#,दूसर# परत# के# प्रश्न# के# जरी# परिश्रिषोताधारा के# नानवर्द कौशाली भाषिय# ़िब्दान निर्दयर वा# ्कीशनस शन्यभूत उर# मंस# दक्षता# यनी# ्वृतकायित्व वा# उसकी रुजानो# कीं# ्रत्याला# ूधि ,@दूसरे पत्र के प्रश्नों के जरिए परिक्षार्थियों के संवाद कौशल भाषायी ज्ञान निर्णय व विश्लेषण क्षमता और मानसिक दक्षता यानी व्यक्तित्व व उसके रुझानों की पड़ताल होगी#
19,@apne marijon ka varnan ek vishisht smruti ke kshinkaran vale marij aur dhiredhire utpann hone vali avdharanaon ke roop mein karte huye charcott ne gyan sambandhi parivartanon ko bhi avlokit kiya#,अपने# मैरोजन# का# वर्नान# ए# ीचिष्ठ मिर्तु# के# शिरोभावना# वैले मरिस# उर# धूरेधीरे# उत्पन्न# ूहने# वैली# अद्धारवानों के# ूपर# में# कर्टी ूपी# चर्योंतित णी# ़िब्दान शामाधीबंधी परिवर्तनाद्रों ूओड़ों भी# उत्पिकों किया# ,@अपने मरीजों का वर्णन एक विशिष्ट स्मृति के क्षीणकरण वाले मरीज और धीरेधीरे उत्पन्न होने वाली अवधारणाओं के रूप में करते हुए चार्कोट ने ज्ञान संबंधी परिवर्तनों को भी अवलोकित किया#
20,@jab vasudev ki aathvi santaan kanya hoti hai tab bhi use sandeh hota hai#,जब# वैपुडवे कीं# आव्‍ठ# संतन# कन्या# ूठी# हि# तब# भी# उसे संधद ूठिया हि# ,@जब वसुदेव की आठवीं संतान कन्या होती है तब भी उसे संदेह होता है#
21,@isase santuth hokar indradi devta apne apne stanon ko waapas chale gaye#,इससे# शन्तुल# ुड़कर# इन्द्रियाई# देवता# अपने# अपने# ट्टानों ूओड़ों वशप कलावादी गये# ,@इससे सन्तुष्ट होकर इन्द्रादि देवता अपने अपने स्थानों को वापस चले गये#
22,@aavart sarni#,आरत्व# शरीन# ,@आवर्त सारणी#
23,@kans se mukti paane ka upay sujhate hue vah nand se kehti hai sabse pehle praja ki chetna ko kans ke karagar se mukt karna hoga#,कंस# शे मुक्ति# पना# का# उपय# थुजाद्त# ूहे# वह# नंदि शे केहरी हि# सबसी पेहले# प्राज़ा# कीं# क्षेणा# ूओड़ों कंस# के# करगपर शे मुक्त# कनार# ुई# ,@कंस से मुक्ति पाने का उपाय सुझाते हुए वह नंद से कहती है सबसे पहले प्रजा की चेतना को कंस के कारागार से मुक्त करना होगा#
24,@iska sabse pehla prayog  ke dashak me karl jansky karl jansky namak americi khagolshastri ne kiya tha jab unhone akashaganga hamari galaxy se vikiran radiation aate hue dekha#,इसका# सबसी पेखा# प्रायोग# के# दशक# में# कर्ल# जनसिक कर्ल# जनसिक नकाल# अमेरिकी# खगोलशास्त्री णी# किया# था# जब# उन्होंने अक्षिणपा हालारी# लाक्याली शे विकीचरण राइड्रियन# आती ूहे# देखा# ,@इसका सबसे पहला प्रयोग  के दशक में कार्ल जैन्सकी karl jansky नामक अमेरिकी खगोलशास्त्री ने किया था जब उन्होंने आकाशगंगा हमारी गैलेक्सी से विकिरण रेडियेशन आते हुए देखा#
25,@hai#,हि# ,@है#
26,@aur akhirakar  me captain mountgumri do aise log mil hi gae#,उर# खिराज# में# कप्रियति मोर्निगपुज दो ैसे लॉग# मिल# ी# गीप ,@और आखिरकार  में कैप्टन माउंटगुमरी दो ऐसे लोग मिल ही गए#
27,@sann  tak ise ginij book off rcords america men ginij book off world records ke naam se jana jata tha#,नं# तका# इसे# ीरजिन# बोको# ॉफीएन ॉस्पिडर# अमेरिका# में# ीरजिन# बोको# ॉफीएन ्यूरॉद्र रिपिंड्स के# नामा# शे झना# झता था# ,@सन्  तक इसे गिनीज़ बुक ऑफ रिकॉर्ड्स अमेरिका में गिनीज़ बुक ऑफ़ वर्ल्ड रिकॉर्ड्स के नाम से जाना जाता था#
28,@bhagavata ke anusara raja janaka ke putra jinaki bahana sita aura urmila thim#,भागवता# के# णुसर# राजा# झनाकार के# पूत्राद ीड़किनी बहान# सिता# उरा# उप्मिनल ठिनी ,@भागवत के अनुसार राजा जनक के पुत्र जिनकी बहन सीता और उर्मिला थीं#
29,@bharatiy mor video#,भारतीय# ूरो# ीडब्दों ,@भारतीय मोर वीडियो#
30,@jab matapita donon men sikalcel lakshan as hote hain to ek bacche ko sikal cel rog ss hone ki  sambhavna hoti hai jaisa ki chitr men dikhaya gaya hai#,जब# मतप्त# दोनों# में# सकालियर# लकांश# अस# ूठे# हीं# टोू# ए# बच्चे ूओड़ों सिकल# केल# ्रोगो# श्स ूहने# कीं# शनिक्षम्र ूठी# हि# झासीआ# कीं# चितरी# में# दिखा# गय# हि# ,@जब मातापिता दोनों में सिकलसेल लक्षण as होते हैं तो एक बच्चे को सिकल सेल रोग ss होने की  संभावना होती है जैसा कि चित्र में दिखाया गया है#
31,@ise chhattisgarah men kusli#,इसे# छट्रस्थागा# में# कुलपी ,@इसे छत्तीसगढ़ में कुसली#
32,@beej se tel nikala jaata hai#,बीजे शे तेर# नीकाला# झाता# हि# ,@बीज से तेल निकाला जाता है#
33,@london ke aspas ki bhumi kent sare tatha sussex rajdhani ki fal tarkariyo tatha dudh adi ki mang ki purti ke lie adhik prayukt hoti hai#,्लोरोनों के# असपास# कीं# भूमि# केंट्राइ सरे# तथा# सुस्केट राजनीय# कीं# फल# तकारियों# तथा# दुद# अदी# कीं# मंग# कीं# पूर्ति के# ली# उधिक प्रयुक्त# ूठी# हि# ,@लंदन के आसपास की भूमि केंट सरे तथा ससेक्स राजधानी की फल तरकारियों तथा दूध आदि की मांग की पूर्ति के लिए अधिक प्रयुक्त होती है#
34,@iske alawa vanijyik card vyapak data aur reporting samadhan prastaavit karta hai jo karmachaari ke kharcha par najar rakhne aur unpar niyantran rakhne mein grahakon ki sahaayata kartaa hai#,इसके ला# वैंकिज्# चरद्र व्यापिक दता# उर# रेपोरत# शाधानमार प्रत्स# कर्ता# हि# ूज़ो# कन्द्रहिरा के# छर्य# पर# नाराज# रांचार्ड उर# उन्पर# निर्धयात्रण रांचार्ड में# ग्राहकों कीं# शायाम# करता# हि# ,@इसके अलावा वाणिज्यिक कार्ड व्यापक डेटा और रिपोर्टिंग समाधान प्रस्तावित करता है जो कर्मचारी के खर्च पर नज़र रखने और उनपर नियंत्रण रखने में ग्राहकों की सहायता करता है#
35,@rog prakop ke pahle sanket ya bayoterijm hamle ke nidaan chikitsak ya prayogshala se nishchit nahin kiya ja sakta hai#,्रोगो# प्रकारों के# पहले संकृत यह बातित्वोदों हमले# के# नीदार# क्याकिस्तान# यह ्रृष्‍पागोहन शे निष्कित# नची# किया# झा सकात्र हि# ,@रोग प्रकोप के पहले संकेत या बायोटेरिज़्म हमले के निदान चिकित्सक या प्रयोगशाला से निश्चित नहीं किया जा सकता है#
36,@ek lal bandana ke alava sparrow apne balon men kai tarah ki cheej lagata hai jo keith richards ki apni yatraon ke jariye smruti chinhon ko jutane ki adat se prabhavit hai sparrow ki sajavaton men unka aath k tukda bhi shamil hai#,ए# ला# बन्दनार के# अफ़ाई# स्पैरोव# अपने# बालों# में# की तरहा# कीं# कहेजे# लगाता# हि# ूज़ो# केरठ रिषदर्# कीं# अपनी# ्यार्ताओं# के# जरीकी मिर्तु# चीआनओं# ूओड़ों जूटने# कीं# उदा# शे प्रभावित# हि# स्पैरोव# कीं# सुधावकों में# उनका# आठी# क# तुरदाक# भी# शाली# हि# ,@एक लाल बन्डाना के अलावा स्पैरो अपने बालों में कई तरह की चीज लगाता है जो कीथ रिचर्ड्स की अपनी यात्राओं के जरिये स्मृति चिह्नों को जुटाने की आदत से प्रभावित है स्पैरो की सजावटों में उनका आठ का टुकड़ा भी शामिल है#
37,@almoda mein  april  ko gorkha pratinidhi bamshah aur leftinent colonel gardener ke bich hui ek sandhi ke baad nepali shaasak ne is kshetra se hat jane ko svikara aur is kshetr par east india company ka adhikaar ho gaya#,ल्लोड़ा# में# अप्रैल# ूओड़ों घोरका# प्रतिनिधि बामहस# उर# लेक्ट्रेट# ॉकलोनीक गर्णदेर# के# बीच ूही# ए# शन्धी# के# बाद# नीपुल# शासाय# णी# इस# शिप्रसाद शे हत# जनी# ूओड़ों स्वीकारी उर# इस# श्चार्ट्स पर# एस्ट# इन्दि ॉनियमंप का# उधिका# ूह# गय# ,@अल्मोड़ा में  अप्रैल  को गोरखा प्रतिनिधि बमशाह और लेफ्टिनेंट कर्नल गार्डनर के बीच हुई एक संधि के बाद नेपाली शासक ने इस क्षेत्र से हट जाने को स्वीकारा और इस क्षेत्र पर ईस्ट इण्डिया कंपनी का अधिकार हो गया#
38,@bhumi sampatti#,भूमि# संपत्ति ,@भूमि संपत्ति#
39,@imam muslim ke guru aur shishyon ka varnan  happy books#,इमाम# मुस्लिम# के# ूपरिण उर# शिष्णों# का# वर्नान# हप्रिक इबोक्स# ,@इमाम मुस्लिम के गुरु और शिष्यों का वर्णन  हैप्पी बुक्स#
40,@rashtramandal nagrikta ki avdharna tab se astitv me hai jab se rashtrmandal rashtro ki sthapna hui hai#,्रांस्स्कृत नागरिकता# कीं# अद्धारण्# तब# शे अस्तित# में# हि# जब# शे ्रांस्कृति राष्ट्रीय कीं# श्रात्‍चा ूही# हि# ,@राष्ट्रमंडल नागरिकता की अवधारणा तब से अस्तित्व में है जब से राष्ट्रमंडल राष्ट्रों की स्थापना हुई है#
41,@vibhinna rashtriya evam anarrashtriy journal patra ptarikaon men kai lekh anekon shodhpatra prakashit#,विभिन्न# राष्ट्रीय# वीम# णराषण# ूजली# परता# प्रतियां# में# की लेख# अनेकों# शोधारपूथी प्रकाशित# ,@विभिन्न राष्ट्रीय एवं अंतर्राष्ट्रीय जर्नल पत्र पत्रिकाओं में कई लेख अनेकों शोधपत्र प्रकाशित#
42,@se  tak united kingdom vishesh bal me chayan ke baad unhone united kingdom viesh bal ke  regiment vishes vaayu seva  sas r ke sath ghudsawar sipahi jeevanraksha prashikshk aur gashti chikitsak ke roop men anshkaalin seva kii#,शे तका# उन्देवी किंग्रोंड विश्धित बाल# में# चयानापी के# बाद# उन्होंने उन्देवी किंग्रोंड विश्ध बाल# के# रेकंगित विशेष# वैया# सेवा# शास र# के# शाठ# घूर्डवित# शिपि# जेवश्रेषण# प्राशक्लिश# उर# घास्त्री क्याकिस्तान# के# ूपर# में# अंसाधिकाँ सेवा# कीची ,@से  तक यूनाइटेड किंगडम विशेष बल में चयन के बाद उन्होंने यूनाइटेड किंगडम विशेष बल के  रेजिमेंट विशेष वायु सेवा  sas r के साथ घुड़सवार सिपाही जीवनरक्षा प्रशिक्षक और गश्ती चिकित्सक के रूप में अंशकालीन सेवा की#
43,@apne pahale abhiyan ke safal hone ke baad rameses ne apne shasan kal ke panch varsh par kadesh nagar par hamla kiya jo hitite samrajya ka adhin tha par pahale seti pram ke adhin tha#,अपने# पहले# अभिनवी के# लाफ़ाईफ ूहने# के# बाद# रामेसीवी णी# अपने# शासन# कल# के# पंचना वर्ष# पर# कदेश# नागारा# पर# हमला# किया# ूज़ो# ीतित्री संदर्याज का# उधनी# था# पर# पहले# सेती# प्राय# के# उधनी# था# ,@अपने पहले अभियान के सफल होने के बाद रामेसेस ने अपने शासन काल के पाँचवे वर्ष पर कादेश नगर पर हमला किया जो हित्तिते साम्राज्य का अधीन था पर पहले सेती प्रथम के अधीन था#
44,@ek aethnoaakiyolojikal tulna karte huye we batate hain ki uttarmadhy alaska ke nyunamyut askimo shikari apne shikar ki pratiksha karte huye kaise samay vyatit karte the tatha us samay ke dauran we samay vyatit karne ke liye kis prakar ke kary karte the jinmen vividh vastuon par nakkashi jaise ki kasht ke sanche mukhaute sing ki chmmchen hathidant ki sui ke sath sath chamde ke thailon ttatha harin ki khal se bane mojon ki marmmat aadi sammilit the#,ए# अंतोपनोहांकोदयोगीत तुलाना# कर्टी ूपी# वे# बतात्रिय हीं# कीं# उत्तरछाद लस्का# के# न्यूयनमत# असकीमों शिकारिय# अपने# शिकार# कीं# प्रतिक्ष# कर्टी ूपी# केसिय# सामानी ्यूटाइड# कर्टी ते# तथा# उस# सामानी के# दुरान# वे# सामानी ्यूटाइड# कन्द्र के# लिये# किसी प्रकार# के# कर्ड कर्टी ते# ेम्मस# विविध# वैस्टोन पर# नक्षिणी# जैसी# कीं# कछट के# शनचेर ्युकफ़ूली# शिंग कीं# चंचमीव झतना# कीं# सुई# के# शाठ# शाठ# चाडमी के# थॉla# तता# रिण# कीं# खाल# शे बने# मोजन# कीं# मरम्माति दाय# स्मलितित ते# ,@एक एथनोआर्कियोलॉजिकल तुलना करते हुए वे बताते हैं कि उत्तरमध्य अलास्का के न्यूनाम्यूट एस्किमो शिकारी अपने शिकार की प्रतीक्षा करते हुए कैसे समय व्यतीत करते थे तथा उस समय के दौरान वे समय व्यतीत करने के लिए किस प्रकार के कार्य करते थे जिनमें विविध वस्तुओं पर नक्काशी जैसे कि काष्ठ के सांचे मुखौटे सींग की चम्मचें हाथीदांत की सुई के साथ साथ चमड़े के थैलों तथा हरिण की खाल से बने मोजों की मरम्मत आदि सम्मिलित थे#
45,@chalna firna bhi is mausam me kashtdaayak ho jaata hai#,चलनाा ्रिरादान# भी# इस# मौसाम# में# कालपुरदाद ूह# झाता# हि# ,@चलना फिरना भी इस मौसम में कष्टदायक हो जाता है#
46,@crystaliy thos sadharan tah laghu crystalon ki atyadhik sankhya se bana hota hai unmen pratyek ka nischit jyamitiy aakar hota hai#,कृत्यसभा ठोस# शदर्धारा था# लगुरी कृष्ट्रोण कीं# उत्याधिक# संख्य# शे बना# ूठिया हि# उनमें# ्राकृतिक का# णिष्# ्यादुस्की आकार# ूठिया हि# ,@क्रिस्टलीय ठोस साधारणत ः लघु क्रिस्टलों की अत्यधिक संख्या से बना होता है उनमें प्रत्येक का निश्चित ज्यामितिय आकार होता है#
47,@maada ke sir aur gale par bhura rang nahi hota hai#,माद# के# शिर# उर# लाले# पर# भूरा# रंग# नाही# ूठिया हि# ,@मादा के सिर और गले पर भूरा रंग नहीं होता है#
48,@uddhrishyati koutilya sabha dwadshim sutann#,उद्धांत# ोओक्युलता# शभा द्वदेशी ल्टैन# ,@उद्धरिष्यति कौटिल्य सभा द्वादशीम सुतान्#
49,@unke upanyaason ki bhasa ki khubi yah hai ki shabdon ke chunaav evam vaakyayojanaa ki dristi se use saral evam bolchaal ki bhasa kaha jata hai#,उनके# उप्‍णास# कीं# भाषा# कीं# खबूब# यह# हि# कीं# साबोदन# के# चुनाव# वीम# वाक्योजियाना कीं# दृष्टि# शे उसे सराला# वीम# ्लोचीभ कीं# भाषा# कहा# झता हि# ,@उनके उपन्यासों की भाषा की खूबी यह है कि शब्दों के चुनाव एवं वाक्ययोजना की दृष्टि से उसे सरल एवं बोलचाल की भाषा कहा जाता है#
50,@lakdi aadi ko jodna ya milana jodne ka kaam badhaigiri#,लकार्डी दाय# ूओड़ों ोजना# यह मिलन# ोजनी# का# कमा बागधीपरी ,@लकडी आदि को जोड़ना या मिलाना जोड़ने का काम बढ़ईगिरी#
51,@in  salon men is samuday ka jo har kshetra men nuksaan hua hai uski bharpaai kaise hogi#,इन# शनों में# इस# सुमैड़े# का# ूज़ो# हर# शिप्रसाद में# ्रुक्सा# ूहा# हि# उसकी# भारापी# केसिय# ूधि ,@इन  सालों में इस समुदाय का जो हर क्षेत्र में नुकसान हुआ है उसकी भरपाई कैसे होगी#
52,@is shati men manushya ki karyakshamata aur uski sukhsamgriyon men kalpanatit abhivruddhi hui hai#,इस# स्थाई# में# मन्युशार कीं# कर्ष्यमंश# उर# उसकी# लयोचरविषृत में# कालपंटीफिक अभिव्यु# ूही# हि# ,@इस शती में मनुष्य की कार्यक्षमता और उसकी सुखसामग्रियों में कल्पनातीत अभिवृद्धि हुई है#
53,@unhone koshi nadi ke baadh ke dauraan prakash jha ke saath bihar baadh rahat mishan par kam kiya#,उन्होंने शोकभी नी# के# बाध# के# दुरान# प्रकाश# झा# के# शार# भीरा# बाध# रा# मिशन# पर# कम# किया# ,@उन्होंने कोशी नदी के बाढ़ के दौरान प्रकाश झा के साथ बिहार बाढ़ राहत मिशन पर काम किया#
54,@saurmaan evam chandramaan ke  mahinon mein  mahine ka antar pada jata hai#,शुर्नाग्रा वीम# चंद्रणाम# के# महीनों में# महानीन का# उन्तर# ्रदाव# झता हि# ,@सौरमान एवं चांद्रमान के  महीनों में  महीने का अंतर पड़ जाता है#
55,@dinshaw daji#,दीन# दजी# ,@दिनशॉ दाजी#
56,@chalukya vikram sanvat  kalyanpur andhra ke chalukya solanki raja vikramaditya chathe ne shak sanvat sthan par chalukya sanvat chalaya#,कौलियावा# ्याकिंडप नस्कत# कलपुराण# उन्ध्र# के# कौलियावा# ोल्शन# राजा# ्यन्द्रवतीत# चाठवीं णी# शका# नस्कत# श्राथ पर# कौलियावा# नस्कत# कलछा ,@चालुक्य विक्रम संवत्  कल्याणपुर आंध्र के चालुक्य सोलंकी राजा विक्रमादित्य छठे ने शक संवत्‌ स्थान पर चालुक्य संवत्‌ चलाया#
57,@bharatiy mudra ek nirman ki kahani#,भारतीय# मुद्र# ए# णिर्णी# कीं# कहानी# ,@भारतीय मुद्रा के निर्माण की कहानी#
58,@cancer ya karkatarbud   varsh ke adhik ayuvalo me yadi apach ke lakshana ho jo sadharan chikitsa se na thik hote ho to cancer ka sandeh karna chahie jab tak parikshao se cancer na hone ke santoshjanak praman na mil jae#,चंच यह कार्क्रिपउति वर्ष# के# उधिक यूवीयो# में# यदि# अप# के# लकाषण# ूह# ूज़ो# शदर्धारा किकासासा# शे न# ठिक# ूठे# ूह# टोू# चंच का# संधद कनार# चाई# जब# तका# परिक्षाओं# शे चंच न# ूहने# के# संश्राश्कताओं प्राणिक न# मिल# जीव ,@कैंसर या कर्कटार्बुद   वर्ष के अधिक आयुवालों में यदि अपच के लक्षण हों जो साधारण चिकित्सा से न ठीक होते हों तो कैंसर का संदेह करना चाहिए जब तक परीक्षाओं से कैंसर न होने के संतोषजनक प्रमाण न मिल जाएँ#
59,@halanki houihanm ka ullekh nahin kiya gaya hai#,हल्लैण# ूहृदय# का# उल्ल्य# नची# किया# गय# हि# ,@हालांकि होऊइहन्म का उल्लेख नहीं किया गया है#
60,@sabse pahle  men ilahabaad aane ke baad unhone tandanji ke sath bharat sevak sangh ki ilahabaad ikai ke sachiv ke roop men kaam karna shuru kiya#,सबसी पहले में# इलाहिआउब# आकनी के# बाद# उन्होंने नांतनीय# के# शाठ# भरा# ेविकारा शन्‍घ# कीं# इलाहिआउब# इका# के# शचीव# के# ूपर# में# कमा कनार# शुरूप किया# ,@सबसे पहले  में इलाहाबाद आने के बाद उन्होंने टण्डनजी के साथ भारत सेवक संघ की इलाहाबाद इकाई के सचिव के रूप में काम करना शुरू किया#
61,@kant ne is yukti ko mana nahi parantu kaha ki jo anya yuktiyan di jati hi ve enselm ki yukti ki rupantar hi hai#,कंत# णी# इस# ्युक्त# ूओड़ों मना# नाही# पर्णत# कहा# कीं# ूज़ो# उन्दा ्युक्किटा# दी# जती# ी# वे# इंसिल्व कीं# ्युक्त# कीं# रुरकरित ी# हि# ,@कांट ने इस युक्ति को माना नहीं परंतु कहा कि जो अन्य युक्तियाँ दी जाती हैं वे एन्सैल्म की युक्ति की रूपांतर ही हैं#
62,@is drushti se yah sanstha bhartiy bhashaon ki aawaaj hai#,इस# दृष्टि# शे यह# संस्था# भूर्तिदी भाषाओं# कीं# यावाहाँ हि# ,@इस दृष्टि से यह संस्था भारतीय भाषाओं की आवाज है#
63,@upayukt chikitsa n hone se iske kai muh ban jate hain#,उपयुचित किकासासा# न# ूहने# शे इसके की मु# बन# जटे# हीं# ,@उपयुक्त चिकित्सा न होने से इसके कई मुँह बन जाते हैं#
64,@is rajvansh ki niv yaqub bin laith assaffar ne rakhi jo ek sthaniya ayyar ladka tha#,इस# राजकांश# कीं# निवाईन यौकि# बीं# लित# असस्फ़ारफ़ी णी# रकी# ूज़ो# ए# श्लाख़ानी ययार# ला# था# ,@इस राजवंश की नीव याक़ूब बिन लैथ़ अससफ़्फ़ार ने रखी जो एक स्थानीय अय्यार लड़ाका था#
65,@americi aadhunikta  stuan davis arthur g dove masdern hartle georgia okifi#,अमेरिकी# आधुनिकता# स्टैं# दिवास# र्थ# घ डवों# मास्रदारीन हर्ल्टी ेलिकारिया खिलाफ़ी ,@अमेरिकी आधुनिकता  स्टुअन डेविस आर्थर जी डोव मार्स्डन हार्टले जॉर्जिया ओकीफ़ी#
66,@unnisvi shatabdi ke santhal geeton aur mithakom men unki yatra ke lambe itihas ka baarbaar ullekh kiya gaya hai unmen kaha gaya hai ki santhal log apne liye basne yogya sthan ki khoj men barabar bina thake chalte hi rahte the#,उन्नीसवीं स्टाभिड़ाई के# शनल# िलीपुर उर# मितिकाओं में# उनकी# ्यापात# के# लम्बे# इतिहास# का# बरकारा# उल्ल्य# किया# गय# हि# उनमें# कहा# गय# हि# कीं# शनल# लॉग# अपने# लिये# बानसे# ्यायागा# श्राथ कीं# कोज# में# बराबार# बीना# ताका# कालादीफ़ी ी# राहते# ते# ,@उन्नीसवीं शताब्दी के संथाल गीतों और मिथकों में उनकी यात्रा के लंबे इतिहास का बारबार उल्लेख किया गया है उनमें कहा गया है कि संथाल लोग अपने लिए बसने योग्य स्थान की खोज में बराबर बिना थके चलते ही रहते थे#
67,@champak tamrapatra ka e e bha  pra  is wakatak raja ke vinash ke sambandh mein kuch logon ki asatya dharana bani hui hai ki guptvansh ke utthan se rudrasen pratham nasht ho gaya#,चंपकावी तम्रपत्री का# ए# ए# भा# प्रा# इस# ्काकाट# राजा# के# विनाहित के# शांग्लेरह में# चूं# लोगो# कीं# अससीया धारण# बनिही ूही# हि# कीं# ूप्तिवृष्ण के# उत्त# शे ्रुंडस# प्राथम# नास्त्र# ूह# गय# ,@चंपक ताम्रपत्र का इ इ भा  पृ  इस वाकाटक राजा के विनाश के संबंध में कुछ लोगों की असत्य धारण बनी हुई है कि गुप्तवंश के उत्थान से रुद्रसेन प्रथम नष्ट हो गया#
68,@uttarakhand ki sanskriti#,उत्तरछ# कीं# संस्कृत# ,@उत्तराखण्ड की संस्कृति#
69,@baind apne pahle brihad daure ke liye america vaapas aaya jahan unke saath the sauft mashin aur d hoo#,बंदि# अपने# पहले ब्रहिआ# दुराने के# लिये# अमेरिका# वपंड आया# झापना उनके# शार# ते# श्फू मशिन# उर# द# ूहो# ,@बैंड अपने पहले बृहद दौरे के लिए अमेरिका वापस आया जहां उनके साथ थे सॉफ्ट मशीन और द हू#
70,@yah apni abhasi duniya mein charon or dekhne menu ko browse karne mein sahayta karta hai#,यह# अपनी# अभाषी दुनायी# में# चरोपन री# देखरे मेंचु ूओड़ों ्योरक्षी कन्द्र में# शहायत कर्ता# हि# ,@यह अपनी आभासी दुनिया में चारों ओर देखने मेनू को ब्राउज़ करने में सहायता करता है#
71,@melborne victoriya colins strit chaidsten shoping center#,मेलबोर्नी विकीटरों ॉडलिनिस स्ट्रिट# चार्सिसी# शोपिंग# क्टीनरी ,@मेलबर्न विक्टोरिया कॉलिन्स स्ट्रीट चैडस्टोन शौपिंग सेंटर#
72,@uski yatrayen keval bhudrushyon ke pyar aur agyat ki khoj se hi prerit nahi thi#,उसकी# यार्यन# कवला भूमोधुर्शों# के# ्रेडकर उर# अस्याग# कीं# कोज# शे ी# परिण्डर्ड नाही# थी# ,@उसकी यात्राएँ केवल भूदृश्यों के प्यार और अज्ञात की खोज से ही प्रेरित नहीं थीं#
73,@uska vishva ke pratyek pradesh mein niwas hai#,उसका# विश्वा# के# ्राकृतिक प्रादेशों में# निवास# हि# ,@उसका विश्व के प्रत्येक प्रदेश में निवास है#
74,@varbinski aur brukahemar ko dep par bharosa tha anshik rup se kyonki oralando bloom paramparagat eral phlen ki tarah ka patra nibha raha hoga#,वैप्रबंस# उर# बृदकाल# ूओड़ों दे# पर# भारात्का था# उन्चित# रुप# शे ॉक्‍पीड़ों ोरालोन्द्र बोलोन परिगरकृत रैला फ़लों# कीं# तरहा# का# परता# निभा# रा# ुई# ,@वरबिंस्की और ब्रुकहेमर को डेप पर भरोसा था आंशिक रूप से क्योंकि ऑरलैंडो ब्लूम परंपरागत एरल फ्लेन की तरह का पात्र निभा रहा होगा#
75,@apane jivana mem aisvarya tatha vilasita ka upabhoga karane vale isa kavi ki ullekhaniya visesata yaha hai ki inake kavya para isaka viparita prabhava nahim para saka hai#,अपने# ्वीड़ाका# में# ैस्वीराय तथा# ्युकाशिता का# उपभोग# कनार# वैले इस# कवि# कीं# उल्लेखन# विस्तानस यहा# हि# कीं# इनकारी कवाया# परा# इसका# विपाति# प्राहकालीन नाहिम# परा# सका# हि# ,@अपने जीवन में ऐश्वर्य तथा विलासिता का उपभोग करने वाले इस कवि की उल्लेखनीय विशेषता यह है कि इनके काव्य पर इसका विपरीत प्रभाव नहीं पड़ सका है#
76,@kahin kahin use malik swami bhi kahate hain#,कहीं# कहीं# उसे मलिक# ्यादिश भी# कहते# हीं# ,@कहीं कहीं उसे मालिक स्वामी भी कहते हैं#
77,@ye tino intermiddiate range balistik missile hai#,ये# टीनो# इंट्राऑक्टायडी रंगी# बाल# मेस्टइली# हि# ,@ये तीनों इंटरमीडिएट रेंज बालिस्टिक मिसाइलें हैं#
78,@indrani mukharji#,इन्द्रणी# मुखरेश# ,@इन्द्रानी मुखर्जी#
79,@prabandhan raktadhan men kabhi kabhi sahayak ho sakta hai#,प्राबंध# रक्तधान# में# कबीह कबीह शाहायक ूह# सकात्र हि# ,@प्रबंधन रक्ताधान में कभी कभी सहायक हो सकता है#
80,@halanki ve logo ke bahut ache saathi hote hain kyonki ve unki jarurton ko samjha karte hain lekin purtgali samudri kutte har kisi ke liye nahi hote#,हल्लैण# वे# लोग# के# भूत# चे# शालत# ूठे# हीं# ॉक्‍पीड़ों वे# उनकी# जर्रु# ूओड़ों शन्माजा# कर्टी हीं# लेकिन# पूर्तिगु# सुमरीर# कतुत्री हर# किसी# के# लिये# नाही# ूठे# ,@हालांकि वे लोगों के बहुत अच्छे साथी होते हैं क्योंकि वे उनकी जरूरतों को समझा करते हैं लेकिन पुर्तगाली समुद्री कुत्ते हर किसी के लिए नहीं होते#
81,@ek sakhyastav seh maya vamapadabhilashi kankshatyanyo badan madira dohadacchadmanasya is shlok ki tika me mallinath ne anek vriksho ke dohad ka ullekh kiya hai jiske anusar sundar stree ke sparsh se priyangu mukhmadira se maulsiri charanghat se ashok drishtipat se tilak aalingan se mriduvani se mandra hansi se patu funk marne se champa kurbak madhur gaan se aam aur nachne se kachnar ityadi vriksha fulte hai#,ए# सकानिष्‍ठान शे# माय# वाबादगास्पराही क्षणकांत्यों बादन# मदिरा# धोनानअधेश्वादर इस# स्कूल# कीं# तिका# में# मल्लिनाथ# णी# अनकी ्यूरोफ़िशन# के# धोड़# का# उल्ल्य# किया# हि# जिकार्ड णुसार# सुंदर# स्ट्रादिन के# शर्र# शे प्रियणुग# मुखदर्वी शे मौरसील# चरफ़र्नित शे ोशोक# दृष्ट# शे तिल# आदलनी# शे मृदयवीं शे मन्द्रारी हंपी शे पूटी ्युक्र# मरनी शे चंपा कुर्बिक मधारु# गाँ# शे अमी# उर# नच्न# शे छनार्य# ित्रयाएं# ्येक्षांक फुलाटेर हि# ,@एक सख्यास्तव सह मया वामपादाभिलाषी कांक्षत्यन्यो बदन मदिरा दोहदच्छद्मनास्या इस श्लोक की टीका में मल्लिनाथ ने अनेक वृक्षों के दोहद का उल्लेख किया है जिसके अनुसार सुंदर स्त्री के स्पर्श से प्रियंगु मुखमदिरा से मौलसिरी चरणाघात से अशोक दृष्टिपात से तिलक आलिंगन से मृदुवाणी से मंदरा हँसी से पटु फूँक मारने से चंपा कुरबक मधुर गान से आम और नाचने से कचनार इत्यादि वृक्ष फूलते हैं#
82,@govind sharma london men base bharatiy mul ke hindi lekhak hain#,ूपिड़ों# शर्मा# ्लोरोनों में# बसे# भारतीय# मुल# के# ीचिं# लेक# हीं# ,@गोविन्द शर्मा लंदन में बसे भारतीय मूल के हिंदी लेखक है#
83,@ke dashak ke baad se naye sainya itihas jo jansakto se adhik sainikon ke saath evam rananiti se adhik manovigyan ke saath aur samaj aur sankruti par yuddh ke vyapak prabhav se sambandhit hai#,के# दशक# के# बाद# शे नए# सियाना# इतिहास# ूज़ो# झकोंस्पता शे उधिक सामिनिकों# के# शार# वीम# रण्डिनित शे उधिक मानविज्ञान# के# शार# उर# समाजि उर# संकृति पर# ्यौढ़े# के# व्यापिक प्राहकों शे संस्मभू# हि# ,@के दशक के बाद से नए सैन्य इतिहास जो जनशक्ति से अधिक सैनिकों के साथ एवं रणनीति से अधिक मनोविज्ञान के साथ और समाज और संस्कृति पर युद्ध के व्यापक प्रभाव से संबंधित है#
84,@ke rup me dekha#,के# रुप# में# देखा# ,@के रूप में देखा#
85,@kendriy krishi abhiyantriki sansthan bhopal#,केंद्री# कृष्‍ट# अभिनेत्रीक# संस्था# बोपिया# ,@केन्द्रीय कृषि अभियांत्रिकी संस्थान भोपाल#
86,@uttarakhand rajy rajmarg  do alag alag margon ke naam se prakhyat hai pahla kaladhungi rod jo mangal padav se shuru hokar pashchim ki aur kaladhungi hote huye ramnagar tak jata hai aur dusra chorgaliya rod jo kathgodam se shuru hokar dakshin ki aur chorgaliya hote huye sitarganj tak jata hai#,उत्तरछ# राजकी राजमर्ग# दो लग# लग# मरगों# के# नामा# शे प्रकाशिय हि# पहला# कलाधिन्घु ्ोोर ूज़ो# मंगल# ्पड़ाव# शे शुरूप ुड़कर# ्रश्चिक कीं# उर# कलाधिन्घु ूठे# ूपी# रम्मर# तका# झता हि# उर# दुसर# कोरगोलिया# ्ोोर ूज़ो# कथागादुरों शे शुरूप ुड़कर# दक्षिणी# कीं# उर# कोरगोलिया# ूठे# ूपी# सितंगीत# तका# झता हि# ,@उत्तराखण्ड राज्य राजमार्ग  दो अलग अलग मार्गों के नाम से प्रख्यात है पहला कालाढूंगी रोड जो मंगल पड़ाव से शुरू होकर पश्चिम की ओर कालाढूंगी होते हुए रामनगर तक जाता है और दूसरा चोरगलिया रोड जो काठगोदाम से शुरू होकर दक्षिण की ओर चोरगलिया होते हुए सितारगंज तक जाता है#
87,@pure desh mein deshbhakti ka ek vaar sa uthta#,पूरे देश# में# देशपभत# का# ए# वैरा साहा उत्ठा# ,@पूरे देश में देशभक्ति का एक वार सा उठता#
88,@haldwani kotawali se kuchh duri par sthit is station ke do gate hain jahaan donon or se vaahnon ki aavaajaahi hoti hai#,हल्द्वार# ूठोआइकाइड शे ुचाछ# दूरी# पर# श्तित# इस# स्टैनोटी# के# दो गते# हीं# झान# दोनों# री# शे वहान्नीन कीं# आवाहिया# ूठी# हि# ,@हल्द्वानी कोतवाली से कुछ दूरी पर स्थित इस स्टेशन के दो गेट हैं जहां दोनों ओर से वाहनों की आवाजाही होती है#
89,@indira rammurti royal college of abtseshiyansh aur gainkalajists sausaiti me sabhya the#,इन्द्रिया# रम्मुर# ्योरिया ॉडलोग्लियन ॉड अब्बस्थतात्रियां उर# गिस्फिकेशनल# शुस्तानी# में# शभाया ते# ,@इंदिरा राममूर्ती रायल कालेज ऑफ अब्ट्सेशियन्स और गैनकालजिस्ट्स सौसैटी मे सभ्य थे#
90,@totemik gustidhari kudmi aadivasi samuday jo  tak munda uranva ho santhal adi anya aadivasi samudayo ke sath adim janjati ki suchi me shamil thi  me anusuchit janjati ki suchi banaye jane ke samay bhulvash ya kisi gehri sajish ke tahat bina kisi notification ke usme shamil karne se chod diye gaye#,टोटीकम# गुस्त्रीद# मुप्दी दसी# सुमैड़े# ूज़ो# तका# मुनदार# ूर्ण# ूह# शनल# अदी# उन्दा दसी# सुमैड़ोर के# शाठ# उदी झनतीजन# कीं# शुचि में# शाली# थी# में# णुचितित झनतीजन# कीं# शुचि बनाड़का जनी# के# सामानी भूतिका# यह किसी# गीरही शाइशन के# था# बीना# किसी# नोटकनियाघात्र के# उसमें शाली# कन्द्र शे चैड़ों दीबी गये# ,@टोटेमिक गुस्टिधारि कुड़मि आदिवासि समुदाय जो  तक मुंडा उरांव हो संथाल आदि अन्य आदिवासि समुदायों के साथ आदिम जनजाति की सूचि में शामिल थी  में अनुसूचित जनजाति की सूचि बनाये जाने के समय भूलवश या किसी गहरी साजिश के तहत बिना किसी नोटिफिकेशन के उसमें शामिल करने से छोड़ दिये गये#
91,@libya ne chad ke sath ek yuddh mein muammar gathafi ke shasan ke tahat rasaynik hathiyaron ka istemaal kiya tha#,लिभाया# णी# चाद# के# शाठ# ए# ्यौढ़े# में# मुंम्रा# घाठती के# शासन# के# था# रासायनिक हत्यायार# का# इस्ट्रेलिया किया# था# ,@लीबिया ने चाड के साथ एक युद्ध में मुअम्मर गद्दाफी के शासन के तहत रासायनिक हथियारों का इस्तेमाल किया था#
92,@iska nirdeshan neerav ghevan ne kiya hai#,इसका# निर्देशन# णीर# गेवान# णी# किया# हि# ,@इसका निर्देशन नीरज घेवन ने किया है#
93,@manovikaar vigyan aadhunik yug ka ek navin vigyan hai#,मानविज्ञान# विज्ञान आधुनिक युग# का# ए# नानपुन विज्ञान हि# ,@मनोविकार विज्ञान आधुनिक युग का एक नवीन विज्ञान है#
94,@iski satah par sasta aur kriyashil dhatu ka cathodic aavran kar dete hai jo pradhan nirmit rachna ki apeksha adhik sansharik hota hai#,इसकी# सतल# पर# सस्त# उर# क्रिप्सियह धारती का# कटोर्क# आव्र# कर्# देती# हि# ूज़ो# प्राधना# णिर्म# राचन# कीं# अपेक्षा# उधिक शनसर्ध# ूठिया हि# ,@इसकी सतह पर सस्ता और क्रियाशील धातु का कैथोडिक आवरण कर देते हैं जो प्रधान निर्मित रचना की अपेक्षा अधिक संक्षारिक होता है#
95,@jiske karan hrdapeshivikriti ya atalata ho sakti hai#,जिकार्ड कनार# हृद्वास्पेवस्थ# यह अतला# ूह# सक्ति हि# ,@जिसके कारण हृदपेशीविकृति या अतालता हो सकती है#
96,@uttar pradesh vidhan sabha chunav men inhone uttar pradesh kii ramnagar vidhan sabah nirvachan kshetr nirvachan sankhyse chunav jeeta#,उत्तर# प्रादेशों ीड़ेना# शभा चुनाविक में# इन्होंने# उत्तर# प्रादेशों कीची रम्मर# ीड़ेना# शबाहार निर्देवाहकान श्चार्ट्स निर्देवाहकान शक्रेषण चुनाविक ूटे# ,@उत्तर प्रदेश विधान सभा चुनाव में इन्होंने उत्तर प्रदेश की रामनगर विधान सभा निर्वाचन क्षेत्र निर्वाचन संख्यासे चुनाव जीता#
97,@nepali upanyas ka shadharhu nepali bhasha ke vikhyat sanhityakar indrabahadur raai dwara rachin ek samalichana hai jiske liye unhe san  men nepali bhasha ke liye sahitya akademi puraskar se sammanit kiya gaya#,नीपुल# उपन्यास# का# सरधार# नीपुल# भाष# के# ्याखित# शनख़्तानिर इंदुर्भावालिया# राई# द्वार# राचीन# ए# सामानियंप# हि# जिकार्ड लिये# उन्हें सन्# में# नीपुल# भाष# के# लिये# शहित्य# अकामदिरी पूर्य# शे संमामित# किया# गय# ,@नेपाली उपन्यास का आधारहरू नेपाली भाषा के विख्यात साहित्यकार इंद्रबहादुर राई द्वारा रचित एक समालोचना है जिसके लिये उन्हें सन्  में नेपाली भाषा के लिए साहित्य अकादमी पुरस्कार से सम्मानित किया गया#
98,@lekin maghi sahityetihaskaron ke anusar maghi ka pahla upnyaas upnyasika ya lambi kahani sunita  bisvin sadi ke tesre dashak men chhapi#,लेकिन# मगही# शाहज़िताग्रणकार्यों के# णुसार# मगही# का# पहला# उप्‍ण्डिस उप्पिन्दास यह लम्बी# कहानी# ूर्पिनियत बीसवीं# सीड़ी के# तेरस्# दशक# में# चपिछ ,@लेकिन मगही साहित्येतिहासकारों के अनुसार मगही का पहला उपन्यास उपन्यासिका या लंबी कहानी ‘सुनीता’  बीसवीं सदी के तीसरे दशक में छपी#
99,@wiliam hover taft sanyukt rajya america ke rashtrpati the#,विलियन ूवर# त्त# संयुक्त# राजका अमेरिका# के# राष्ट्रपति# ते# ,@विलियम होवर टाफ्ट संयुक्त राज्य अमरीका के राष्ट्रपति थे#
